"57091036-ed22-11ed-a05b-0242ac120003","ebeed7d8-ed10-11ed-a05b-0242ac120003","2023-05-07","b500f04a-ed0f-11ed-a05b-0242ac120003"
"57091612-ed22-11ed-a05b-0242ac120003","ebeed7d8-ed10-11ed-a05b-0242ac120003","2023-05-07","b500f3f6-ed0f-11ed-a05b-0242ac120003"
"570917b6-ed22-11ed-a05b-0242ac120003","ebeedac6-ed10-11ed-a05b-0242ac120003","2023-05-07","b500f3f6-ed0f-11ed-a05b-0242ac120003"
"57091932-ed22-11ed-a05b-0242ac120003","ebef0ed8-ed10-11ed-a05b-0242ac120003","2023-05-07","b500f3f6-ed0f-11ed-a05b-0242ac120003"
"57091aa4-ed22-11ed-a05b-0242ac120003","ebeee16a-ed10-11ed-a05b-0242ac120003","2023-05-07","b500f9be-ed0f-11ed-a05b-0242ac120003"
"57091c0c-ed22-11ed-a05b-0242ac120003","ebeee16a-ed10-11ed-a05b-0242ac120003","2023-05-07","b500f04a-ed0f-11ed-a05b-0242ac120003"
"57091d9c-ed22-11ed-a05b-0242ac120003","ebeee2d2-ed10-11ed-a05b-0242ac120003","2023-05-07","b500f04a-ed0f-11ed-a05b-0242ac120003"
"57091f22-ed22-11ed-a05b-0242ac120003","ebeee2d2-ed10-11ed-a05b-0242ac120003","2023-05-07","b500f04a-ed0f-11ed-a05b-0242ac120003"
"57092080-ed22-11ed-a05b-0242ac120003","ebeee3f4-ed10-11ed-a05b-0242ac120003","2023-05-07","b500f3f6-ed0f-11ed-a05b-0242ac120003"
"5709251c-ed22-11ed-a05b-0242ac120003","ebeee3f4-ed10-11ed-a05b-0242ac120003","2023-05-07","b500f3f6-ed0f-11ed-a05b-0242ac120003"
"570926ac-ed22-11ed-a05b-0242ac120003","ebeee516-ed10-11ed-a05b-0242ac120003","2023-05-07","b500f9be-ed0f-11ed-a05b-0242ac120003"
"57092832-ed22-11ed-a05b-0242ac120003","ebeee516-ed10-11ed-a05b-0242ac120003","2023-05-07","b500f04a-ed0f-11ed-a05b-0242ac120003"
"570929e0-ed22-11ed-a05b-0242ac120003","ebeee516-ed10-11ed-a05b-0242ac120003","2023-05-07","b500f3f6-ed0f-11ed-a05b-0242ac120003"
"57092b98-ed22-11ed-a05b-0242ac120003","ebeee62e-ed10-11ed-a05b-0242ac120003","2023-05-07","b500f3f6-ed0f-11ed-a05b-0242ac120003"
"57092d64-ed22-11ed-a05b-0242ac120003","ebeee62e-ed10-11ed-a05b-0242ac120003","2023-05-06","b500f04a-ed0f-11ed-a05b-0242ac120003"
"57092efe-ed22-11ed-a05b-0242ac120003","ebeee750-ed10-11ed-a05b-0242ac120003","2023-05-06","b500f9be-ed0f-11ed-a05b-0242ac120003"
"57093264-ed22-11ed-a05b-0242ac120003","ebeee750-ed10-11ed-a05b-0242ac120003","2023-05-06","b500f3f6-ed0f-11ed-a05b-0242ac120003"
"5709343a-ed22-11ed-a05b-0242ac120003","ebeee8ea-ed10-11ed-a05b-0242ac120003","2023-05-06","b500f9be-ed0f-11ed-a05b-0242ac120003"
"5709361a-ed22-11ed-a05b-0242ac120003","ebeee8ea-ed10-11ed-a05b-0242ac120003","2023-05-06","b500f04a-ed0f-11ed-a05b-0242ac120003"
"57093778-ed22-11ed-a05b-0242ac120003","ebeeed22-ed10-11ed-a05b-0242ac120003","2023-05-06","b500f04a-ed0f-11ed-a05b-0242ac120003"
"570938ea-ed22-11ed-a05b-0242ac120003","ebeeed22-ed10-11ed-a05b-0242ac120003","2023-05-06","b500f04a-ed0f-11ed-a05b-0242ac120003"
"57093a84-ed22-11ed-a05b-0242ac120003","ebeeee4e-ed10-11ed-a05b-0242ac120003","2023-05-06","b500f3f6-ed0f-11ed-a05b-0242ac120003"
"57093c00-ed22-11ed-a05b-0242ac120003","ebeeee4e-ed10-11ed-a05b-0242ac120003","2023-05-06","b500f9be-ed0f-11ed-a05b-0242ac120003"
"57093fe8-ed22-11ed-a05b-0242ac120003","ebeeef70-ed10-11ed-a05b-0242ac120003","2023-05-06","b500f3f6-ed0f-11ed-a05b-0242ac120003"
"570941d2-ed22-11ed-a05b-0242ac120003","ebeeef70-ed10-11ed-a05b-0242ac120003","2023-05-06","b500f9be-ed0f-11ed-a05b-0242ac120003"
"57094358-ed22-11ed-a05b-0242ac120003","ebeef092-ed10-11ed-a05b-0242ac120003","2023-05-06","b500f04a-ed0f-11ed-a05b-0242ac120003"
"570944ca-ed22-11ed-a05b-0242ac120003","ebeef092-ed10-11ed-a05b-0242ac120003","2023-05-05","b500f9be-ed0f-11ed-a05b-0242ac120003"
"5709461e-ed22-11ed-a05b-0242ac120003","ebeef1be-ed10-11ed-a05b-0242ac120003","2023-05-05","b500f3f6-ed0f-11ed-a05b-0242ac120003"
"57094772-ed22-11ed-a05b-0242ac120003","ebeef1be-ed10-11ed-a05b-0242ac120003","2023-05-05","b500f3f6-ed0f-11ed-a05b-0242ac120003"
"5709490c-ed22-11ed-a05b-0242ac120003","ebeef2d6-ed10-11ed-a05b-0242ac120003","2023-05-05","b500f04a-ed0f-11ed-a05b-0242ac120003"
"57094c86-ed22-11ed-a05b-0242ac120003","ebeef2d6-ed10-11ed-a05b-0242ac120003","2023-05-05","b500f9be-ed0f-11ed-a05b-0242ac120003"
"57094dd0-ed22-11ed-a05b-0242ac120003","ebeef3ee-ed10-11ed-a05b-0242ac120003","2023-05-05","b500f3f6-ed0f-11ed-a05b-0242ac120003"
"570950c8-ed22-11ed-a05b-0242ac120003","ebeef3ee-ed10-11ed-a05b-0242ac120003","2023-05-05","b500f9be-ed0f-11ed-a05b-0242ac120003"
"5709524e-ed22-11ed-a05b-0242ac120003","ebeef3ee-ed10-11ed-a05b-0242ac120003","2023-05-05","b500f04a-ed0f-11ed-a05b-0242ac120003"
"570953de-ed22-11ed-a05b-0242ac120003","ebeef614-ed10-11ed-a05b-0242ac120003","2023-05-05","b500f9be-ed0f-11ed-a05b-0242ac120003"
"5709555a-ed22-11ed-a05b-0242ac120003","ebeef614-ed10-11ed-a05b-0242ac120003","2023-05-04","b500f3f6-ed0f-11ed-a05b-0242ac120003"
"570956a4-ed22-11ed-a05b-0242ac120003","ebeef614-ed10-11ed-a05b-0242ac120003","2023-05-04","b500f9be-ed0f-11ed-a05b-0242ac120003"
"57095ba4-ed22-11ed-a05b-0242ac120003","ebeef98e-ed10-11ed-a05b-0242ac120003","2023-05-04","b500f04a-ed0f-11ed-a05b-0242ac120003"
"57095d16-ed22-11ed-a05b-0242ac120003","ebeef98e-ed10-11ed-a05b-0242ac120003","2023-05-04","b500f04a-ed0f-11ed-a05b-0242ac120003"
"57095e6a-ed22-11ed-a05b-0242ac120003","ebeefaa6-ed10-11ed-a05b-0242ac120003","2023-05-04","b500f04a-ed0f-11ed-a05b-0242ac120003"
"57095fb4-ed22-11ed-a05b-0242ac120003","ebeefbbe-ed10-11ed-a05b-0242ac120003","2023-05-04","b500f9be-ed0f-11ed-a05b-0242ac120003"
"57096108-ed22-11ed-a05b-0242ac120003","ebeefd08-ed10-11ed-a05b-0242ac120003","2023-05-04","b500f9be-ed0f-11ed-a05b-0242ac120003"
"57096266-ed22-11ed-a05b-0242ac120003","ebeeffb0-ed10-11ed-a05b-0242ac120003","2023-05-04","b500f04a-ed0f-11ed-a05b-0242ac120003"
"570963c4-ed22-11ed-a05b-0242ac120003","ebef0104-ed10-11ed-a05b-0242ac120003","2023-05-04","b500f04a-ed0f-11ed-a05b-0242ac120003"
"57096518-ed22-11ed-a05b-0242ac120003","ebef021c-ed10-11ed-a05b-0242ac120003","2023-05-04","b500f9be-ed0f-11ed-a05b-0242ac120003"
"570967f2-ed22-11ed-a05b-0242ac120003","ebef032a-ed10-11ed-a05b-0242ac120003","2023-05-04","b500f3f6-ed0f-11ed-a05b-0242ac120003"
"5709695a-ed22-11ed-a05b-0242ac120003","ebef0884-ed10-11ed-a05b-0242ac120003","2023-05-04","b500f3f6-ed0f-11ed-a05b-0242ac120003"
"57096a9a-ed22-11ed-a05b-0242ac120003","ebef0b4a-ed10-11ed-a05b-0242ac120003","2023-05-04","b500f04a-ed0f-11ed-a05b-0242ac120003"
"57096c34-ed22-11ed-a05b-0242ac120003","ebef0c9e-ed10-11ed-a05b-0242ac120003","2023-05-04","b500f9be-ed0f-11ed-a05b-0242ac120003"
"57096db0-ed22-11ed-a05b-0242ac120003","ebef0dca-ed10-11ed-a05b-0242ac120003","2023-05-04","b500f9be-ed0f-11ed-a05b-0242ac120003"